;;;;;;;
;;MASTER HİJYEN TEMİZLİK VE GIDA ÜRÜNLERİ ;;;;;
;;;;;;;
ÜRÜN FOTOĞRAF;*;ÜRÜN KOD;ÜRÜN İSİM;ÜRÜN BİLGİ;BİRİM;KDV;FİYAT.
;;;;;;;
;*;MASTER.ZH-200.STD MRD;"Z HAVLU 200'LÜ 
STANDART MİRADA (12 PAKET)";"20 X 20 CM 
16 GR/M² 
2 KAT";KOLİ;20%;
;*;MASTER.ZH-200.CMF MRD;"Z HAVLU 200'LÜ 
COMFORT MİRADA (12 PAKET)";"20 X 20 CM 
21 GR/M² 
2 KAT";KOLİ;20%;
;*;MASTER.ZH-175 GLR;"Z HAVLU 175'Lİ 
GLORA (12 PAKET)";"20 X 20 CM 
16 GR/M² 
2 KAT";KOLİ;20%;
;*;MASTER.ZH-150 GLR;"Z HAVLU 150'Lİ 
GLORA (12 PAKET)";"20 X 20 CM 
16 GR/M² 
2 KAT";KOLİ;20%;
;*;MASTER.ZH-120 BST;"Z HAVLU 120'Lİ 
BESTE (12 PAKET)";"21 X 20 CM 
16 GR/M² 
2 KAT";KOLİ;20%;
;*;MASTER.ZH-100 EBS;"Z HAVLU 100'LÜ 
EKO BESTE (12 PAKET)";"21 X 20 CM 
16 GR/M² 
2 KAT";KOLİ;20%;
;;;;;;;
;*;MASTER.HH-5.CMF MRD;"HAREKETLİ HAVLU 5 KG 
COMFORT MİRADA (6 ADET)";"21 CM 
21 GR/M² - 2 KAT 
90 METRE";KOLİ;20%;
;*;MASTER.HH-4 MRD;"HAREKETLİ HAVLU 4 KG 
MİRADA (6 ADET)";"21 CM 
21 GR/M² - 2 KAT 
72 METRE";KOLİ;20%;
;*;MASTER.HH-3,5 GLR;"HAREKETLİ HAVLU 3,5 KG 
GLORA (6 ADET)";"21 CM 
21 GR/M² - 2 KAT 
62 METRE";KOLİ;20%;
;*;MASTER.HH-3 BST;"HAREKETLİ HAVLU 3 KG 
BESTE (6 ADET)";"21 CM 
21 GR/M² - 2 KAT 
53 METRE";KOLİ;20%;
;*;MASTER.HH-2,5 EBS;"HAREKETLİ HAVLU 2,5 KG 
EKO BESTE (6 ADET)";"21 CM 
21 GR/M² - 2 KAT 
43 METRE";KOLİ;20%;
;*;MASTER.HH-6.OYK GLR;"HAREKETLİ HAVLU OYUKLU 6 KG 
GLORA (6 ADET)";"25 CM 
21 GR/M² - 2 KAT 
90 METRE";KOLİ;20%;
;;;;;;;
;*;MASTER.İÇH-5.CMF MRD;"İÇTEN ÇEKME HAVLU 5 KG 
COMFORT MİRADA (6 ADET)";"21 CM 
21 GR/M² - 2 KAT 
90 METRE - 450 YAPRAK";KOLİ;20%;
;*;MASTER.İÇH-4 MRD;"İÇTEN ÇEKME HAVLU 4 KG 
MİRADA (6 ADET)";"21 CM 
21 GR/M² - 2 KAT 
72 METRE - 360 YAPRAK";KOLİ;20%;
;*;MASTER.İÇH-3,5 GLR;"İÇTEN ÇEKME HAVLU 3,5 KG 
GLORA (6 ADET)";"21 CM 
21 GR/M² - 2 KAT 
62 METRE - 310 YAPRAK";KOLİ;20%;
;*;MASTER.İÇH-3 BST;"İÇTEN ÇEKME HAVLU 3 KG 
BESTE (6 ADET)";"21 CM 
21 GR/M² - 2 KAT 
53 METRE - 265 YAPRAK";KOLİ;20%;
;*;MASTER.İÇH-2,5 EBS;"İÇTEN ÇEKME HAVLU 2,5 KG 
EKO BESTE (6 ADET)";"21 CM 
21 GR/M² - 2 KAT 
43 METRE - 215 YAPRAK";KOLİ;20%;
;*;MASTER.İÇH-2,5.DEV GLR;"İÇTEN ÇEKME HAVLU DEV 2,5 KG 
GLORA (6 ADET)";"21 CM 
21 GR/M² - 2 KAT 
43 METRE - 215 YAPRAK";KOLİ;20%;
;;;;;;;
;*;MASTER.EV-HVL.24 GLR;"EV TİPİ HAVLU 24'LÜ 
GLORA (2 ADET X 12 PAKET)";"20,8 CM 
18 GR/M² - 2 KAT 
9,6 METRE - 80 YAPRAK";KOLİ;20%;
;*;MASTER.EV-TK.48 GLR;"EV TİPİ TUVALET KAĞIDI 48'Lİ 
GLORA (16 ADET X 3 PAKET)";"9,6 CM 
16 GR/M² - 2 KAT 
18 METRE - 150 YAPRAK";KOLİ;20%;
;*;MASTER.EV-TK.72 GLR;"EV TİPİ TUVALET KAĞIDI 72'Lİ 
GLORA (24 ADET X 3 PAKET)";"9,6 CM 
16 GR/M² - 2 KAT 
18 METRE - 150 YAPRAK";KOLİ;20%;
;*;MASTER.EV-TK.48 FAM;"EV TİPİ TUVALET KAĞIDI 48'Lİ 
FAMİLİA (16 ADET X 3 PAKET)";"9,6 CM 
15 GR/M² - 3 KAT 
15,6 METRE - 130 YAPRAK";KOLİ;20%;
;;;;;;;
;*;MASTER.MJTK-5.CMF MRD;"MİNİ JUMBO TUVALET KAĞIDI 5 KG 
COMFORT MİRADA (12 RULO)";"10 CM 
17 GR/M² - 2 KAT 
120 METRE - 600 YAPRAK";KOLİ;20%;
;*;MASTER.MJTK-4 MRD;"MİNİ JUMBO TUVALET KAĞIDI 4 KG 
MİRADA (12 RULO)";"10 CM 
17 GR/M² - 2 KAT 
95 METRE - 475 YAPRAK";KOLİ;20%;
;*;MASTER.MJTK-3,5 GLR;"MİNİ JUMBO TUVALET KAĞIDI 3,5 KG 
GLORA (12 RULO)";"10 CM 
17 GR/M² - 2 KAT 
82 METRE - 410 YAPRAK";KOLİ;20%;
;*;MASTER.MJTK-3 BST;"MİNİ JUMBO TUVALET KAĞIDI 3 KG 
BESTE (12 RULO)";"10 CM 
17 GR/M² - 2 KAT 
70 METRE - 350 YAPRAK";KOLİ;20%;
;*;MASTER.MJTK-2,5 EBS;"MİNİ JUMBO TUVALET KAĞIDI 2,5 KG 
EKO BESTE (12 RULO)";"10 CM 
17 GR/M² - 2 KAT 
57 METRE - 215 YAPRAK";KOLİ;20%;
;;;;;;;
;*;MASTER.İÇTK-5 MRD;"İÇTEN ÇEKME TUVALET KAĞIDI 5 KG 
MİRADA (6 RULO)";"13,5 CM 
17 GR/M² - 2 KAT 
170 METRE - 850 YAPRAK";KOLİ;20%;
;*;MASTER.İÇTK-4 GLR;"İÇTEN ÇEKME TUVALET KAĞIDI 4 KG 
GLORA (6 RULO)";"13,5 CM 
17 GR/M² - 2 KAT 
130 METRE - 650 YAPRAK";KOLİ;20%;
;;;;;;;
;*;MASTER.MİÇTK-5 MRD;"MİNİ İÇTEN ÇEKME TUVALET KAĞIDI 5 KG 
MİRADA (12 RULO)";"11,5 CM 
17 GR/M² - 2 KAT 
100 METRE - 500 YAPRAK";KOLİ;20%;
;*;MASTER.MİÇTK-4 GLR;"MİNİ İÇTEN ÇEKME TUVALET KAĞIDI 4 KG 
GLORA (12 RULO)";"11,5 CM 
17 GR/M² - 2 KAT 
80 METRE - 400 YAPRAK";KOLİ;20%;
;;;;;;;
;*;MASTER.NTR-HH.3;"NATUREL HAREKETLİ HAVLU 3 KG 
(6 RULO)";"21 CM 
21 GR/M² - 2 KAT 
53 METRE";KOLİ;20%;
;*;MASTER.NTR-İÇH.3;"NATUREL İÇTEN ÇEKME HAVLU 3 KG 
(6 RULO)";"21 CM 
21 GR/M² - 2 KAT 
53 METRE - 265 YAPRAK";KOLİ;20%;
;*;MASTER.NTR-MJTK.3;"NATUREL MİNİ JUMBO TUVALET KAĞIDI 3 KG 
(12 RULO)";"10 CM 
17 GR/M² - 2 KAT 
70 METRE - 350 YAPRAK";KOLİ;20%;
;;;;;;;
;*;MASTER.VK-HVL.200 MRD;"V KAT HAVLU 200'LÜ 
MİRADA (12 PAKET)";"21 X 18 CM 
16 GR/M² - 2 KAT 
LAMİNASYONLU";KOLİ;20%;
;*;MASTER.VK-TK.250 MRD;"V KAT TUVALET KAĞIDI 250'Lİ 
MİRADA (24 PAKET)";"11 X 18 CM 
17 GR/M² - 2 KAT 
LAMİNASYONSUZ";KOLİ;20%;
;*;MASTER.VK-DP.250 GLR;"V KAT DİSPENSER PEÇETE 250'Lİ 
GLORA (18 PAKET)";"11 X 18 CM 
16 GR/M² - 2 KAT 
LAMİNASYONSUZ";KOLİ;20%;
;*;MASTER.VK-DP.200 MRD;"V KAT DİSPENSER PEÇETE 200'LÜ 
MİRADA (18 PAKET)";"11 X 18 CM 
16 GR/M² - 2 KAT 
LAMİNASYONLU";KOLİ;20%;
;*;MASTER.VK-DP.150 BST;"V KAT DİSPENSER PEÇETE 150'Lİ 
BESTE (18 PAKET)";"11 X 18 CM 
16 GR/M² - 2 KAT 
LAMİNASYONLU";KOLİ;20%;
;;;;;;;
;*;MASTER.DP-250 MRD;"DİSPENSER PEÇETE 250'Lİ 
MİRADA (18 PAKET)";"25 X 21 CM 
16,5 GR/M² - 1 KAT 
3 KATLAMA";KOLİ;20%;
;*;MASTER.DP-200 GLR;"DİSPENSER PEÇETE 200'LÜ 
GLORA (18 PAKET)";"17 X 20 CM 
16,5 GR/M² - 1 KAT 
2 KATLAMA";KOLİ;20%;
;*;MASTER.DP-150 BST;"DİSPENSER PEÇETE 150'Lİ 
BESTE (18 PAKET)";"17 X 20 CM 
16,5 GR/M² - 1 KAT 
2 KATLAMA";KOLİ;20%;
;*;MASTER.DP-100 EBS;"DİSPENSER PEÇETE 100'LÜ 
EKO BESTE (18 PAKET)";"17 X 20 CM 
16,5 GR/M² - 1 KAT 
2 KATLAMA";KOLİ;20%;
;;;;;;;
;*;MASTER.GP-40.ÇK MRD;"GARSON PEÇETE 40 CM 
ÇİFT KAT MİRADA (100 ADET X 12 PAKET)";"40 CM 
16 GR/M² - 2 KAT 
1/8 KATLAMA";KOLİ;20%;
;*;MASTER.GP-33.ÇK MRD;"GARSON PEÇETE 33 CM 
ÇİFT KAT MİRADA (100 ADET X 12 PAKET)";"33 CM 
16 GR/M² - 2 KAT 
1/8 KATLAMA";KOLİ;20%;
;*;MASTER.GP-33.TK MRD;"GARSON PEÇETE 33 CM 
TEK KAT MİRADA (100 ADET X 12 PAKET)";"33 CM 
16 GR/M² - 1 KAT 
1/8 KATLAMA";KOLİ;20%;
;*;MASTER.GP-KRF.33;"GARSON PEÇETE KRAFT 33 CM 
ÇİFT KAT (100 ADET X 12 PAKET)";"33 CM 
17 GR/M² - 2 KAT 
1/8 KATLAMA";KOLİ;20%;
;*;MASTER.GP-24.33.ÇK GLR;"GARSON PEÇETE 24 X 33 CM 
ÇİFT KAT GLORA (100 ADET X 12 PAKET)";"33 CM 
16 GR/M² - 2 KAT 
1/6 KATLAMA";KOLİ;20%;
;*;MASTER.GP-30.ÇK MRD;"GARSON PEÇETE 30 CM 
ÇİFT KAT MİRADA (100 ADET X 12 PAKET)";"30 CM 
16 GR/M² - 2 KAT 
1/8 KATLAMA";KOLİ;20%;
;*;MASTER.GP-24.ÇK MRD;"GARSON PEÇETE 24 CM 
ÇİFT KAT MİRADA (100 ADET X 12 PAKET)";"24 CM 
16 GR/M² - 2 KAT 
1/8 KATLAMA";KOLİ;20%;
;;;;;;;
;*;MASTER.KP-23 MRD;"KARE PEÇETE 23 CM 
MİRADA (100 ADET X 50 PAKET)";"23 CM 
16,5 GR/M² - 1 KAT 
1/4 KATLAMA";KOLİ;20%;
;*;MASTER.KP-23 GLR;"KARE PEÇETE 23 CM 
GLORA (60 ADET X 50 PAKET)";"23 CM 
16,5 GR/M² - 1 KAT 
1/4 KATLAMA";KOLİ;20%;
;*;MASTER.KP-32 MRD;"KARE PEÇETE 32'Lİ 
MİRADA (100 ADET X 32 PAKET)";"23 CM 
16,5 GR/M² - 1 KAT 
1/4 KATLAMA";KOLİ;20%;
;*;MASTER.KP-30.TK MRD;"KARE PEÇETE 30 CM 
TEK KAT MİRADA (100 ADET X 24 PAKET)";"30 CM 
16,5 GR/M² - 1 KAT 
1/4 KATLAMA";KOLİ;20%;
;*;MASTER.KP-30.ÇK MRD;"KARE PEÇETE 30 CM 
ÇİFT KAT MİRADA (100 ADET X 12 PAKET)";"30 CM 
16,5 GR/M² - 2 KAT 
1/4 KATLAMA";KOLİ;20%;
;;;;;;;
;*;MASTER.MND-KÜP.3 MRD;"MENDİL KÜP 3 KAT 
MİRADA (48 ADET X 20 PAKET)";"21 X 18 CM 
14 GR/M² 
3 KAT";KOLİ;20%;
;*;MASTER.MND-KÜP.2 MRD;"MENDİL KÜP 2 KAT 
MİRADA (48 ADET X 20 PAKET)";"21 X 18 CM 
14 GR/M² 
2 KAT";KOLİ;20%;
;*;MASTER.MND-KT.BY MRD;"MENDİL KUTU BÜYÜK 
MİRADA (80 ADET X 24 PAKET)";"21 X 21 CM 
14 GR/M² 
2 KAT";KOLİ;20%;
;*;MASTER.MND-KT.MN MRD;"MENDİL KUTU MİNİ 
MİRADA (60 ADET X 48 PAKET)";"15 X 18 CM 
14 GR/M² 
2 KAT";KOLİ;20%;
;;;;;;;
;*;MASTER.MÖ-MYN.LMN MRD;"MASA ÖRTÜSÜ MUAYENE LAMİNELİ 
MİRADA (12 RULO)";"50 CM 
50 METRE 
250 YAPRAK";KOLİ;20%;
;*;MASTER.MÖ-MYN.KL MRD;"MASA ÖRTÜSÜ MUAYENE KOLİDE 
MİRADA (6 RULO)";"46 CM 
40 METRE 
200 YAPRAK";KOLİ;20%;
;*;MASTER.MÖ-MYN.PŞ MRD;"MASA ÖRTÜSÜ MUAYENE POŞETTE 
MİRADA (6 RULO)";"46 CM 
40 METRE 
200 YAPRAK";KOLİ;20%;
;*;MASTER.MÖ-YMK MRD;"MASA ÖRTÜSÜ YEMEK 
MİRADA (15 RULO)";"100 CM 
24 METRE 
16 YAPRAK";KOLİ;20%;
;;;;;;;
;*;MASTER.KKÖ-250 MRD;"KLOZET KAPAK ÖRTÜSÜ 250'Lİ 
MİRADA (10 PAKET)";"42 X 36 CM 
17 GR/M² 
HUTBAK";KOLİ;20%;
;*;MASTER.KKÖ-200 GLR;"KLOZET KAPAK ÖRTÜSÜ 200'LÜ 
GLORA (10 PAKET)";"42 X 36 CM 
17 GR/M² 
HUTBAK";KOLİ;20%;
;;;;;;;
;*;APR-VP.SYH 24;APARAT V KAT PEÇETE SİYAH (24 ADET);SİYAH;KOLİ;20%;
;*;APR-VP.BYZ 24;APARAT V KAT PEÇETE BEYAZ (24 ADET);BEYAZ;KOLİ;20%;
;*;APR-VTK 24;APARAT V KAT TUVALET KAĞIDI (24 ADET);ŞEFFAF MAVİ;KOLİ;20%;
;*;APR-PSVSZG 50;APARAT PİSUVAR SÜZGEÇ (50 ADET);RENKLİ;KOLİ;20%;
;*;APR-DP 24;APARAT DİSPENSER PEÇETE (24 ADET);BEYAZ;KOLİ;20%;
;*;APR-ZH 20;APARAT Z HAVLU (20 ADET);ŞEFFAF MAVİ;KOLİ;20%;
;*;APR-HH 1;APARAT HAREKETLİ HAVLU (1 ADET);ŞEFFAF MAVİ;KOLİ;20%;
;*;APR-İÇH 6;APARAT İÇTEN ÇEKME HAVLU (6 ADET);ŞEFFAF MAVİ;KOLİ;20%;
;*;APR-MJTK 12;APARAT MİNİ JUMBO TUVALET KAĞIDI (12 ADET);ŞEFFAF MAVİ;KOLİ;20%;
;*;APR-İÇTK 12;APARAT İÇTEN ÇEKME TUVALET KAĞIDI (12 ADET);ŞEFFAF MAVİ;KOLİ;20%;
;*;APR-MİÇTK 24;APARAT MİNİ İÇTEN ÇEKME TUVALET KAĞIDI (24 ADET);ŞEFFAF MAVİ;KOLİ;20%;
;*;APR-SVSBN500 50;APARAT SIVI SABUN 500 CC (50 ADET);ŞEFFAF MAVİ;KOLİ;20%;
;*;APR-SVSBN1000 50;APARAT SIVI SABUN 1000 CC (50 ADET);ŞEFFAF MAVİ;KOLİ;20%;
;*;APR-KÖSBN500 50;APARAT KÖPÜK SABUN 500 CC (50 ADET);ŞEFFAF MAVİ;KOLİ;20%;
;*;APR-KÖSBN1000 50;APARAT KÖPÜK SABUN 1000 CC (50 ADET);ŞEFFAF MAVİ;KOLİ;20%;
;*;APR-PLSSF30 20;APARAT PLASTİK 30 CM STREÇ & FOLYO (20 ADET);ŞEFFAF MAVİ;KOLİ;20%;
;*;APR-PLSSF45 20;APARAT PLASTİK 45 CM STREÇ & FOLYO (20 ADET);ŞEFFAF MAVİ;KOLİ;20%;
;**;APR-AHŞSF30 20;APARAT AHŞAP 30 CM STREÇ & FOLYO (20 ADET);AHŞAP;KOLİ;20%;
;**;APR-AHŞSF45 20;APARAT AHŞAP 45 CM STREÇ & FOLYO (20 ADET);AHŞAP;KOLİ;20%;
;;;;;;;
;**;KĞT.KES-PĞÇKÇK 10;KAĞIT KESE POĞAÇA KÜÇÜK (10 KG);12 X 21 X 4 CM / 2150 ADET;KOLİ;20%;
;**;KĞT.KES-PĞÇORT 10;KAĞIT KESE POĞAÇA ORTA (10 KG);12 X 27 X 4 CM / 1530 ADET;KOLİ;20%;
;**;KĞT.KES-PĞÇBYK 10;KAĞIT KESE POĞAÇA BÜYÜK (10 KG);16 X 33 X 5 CM / 1100 ADET;KOLİ;20%;
;**;KĞT.KES-SİMİT 10;KAĞIT KESE SİMİT (10 KG);16 X 21 X 5 CM / 1740 ADET;KOLİ;20%;
;**;KĞT.KES-HMBRGR 10;KAĞIT KESE HAMBURGER (10 KG);12 X 15 X 4 CM / 3800 ADET;KOLİ;20%;
;**;KĞT.KES-SNDVÇ 10;KAĞIT KESE SANDVİÇ (10 KG);12 X 23 X 4 CM / 2150 ADET;KOLİ;20%;
;**;KĞT.KES-DÜRÜM 10;KAĞIT KESE DÜRÜM (10 KG);8 X 27 X 3 CM / 2300 ADET;KOLİ;20%;
;**;KĞT.KES-ÇTLKŞK 10;KAĞIT KESE ÇATAL KAŞIK (10 KG);8 X 27 X 3 CM / 2300 ADET;KOLİ;20%;
;**;KĞT.KES-KRY100 10;KAĞIT KESE KURUYEMİŞ 100 GR (10 KG);10 X 14 CM / 1800 ADET;KOLİ;20%;
;**;KĞT.KES-KRY250 10;KAĞIT KESE KURUYEMİŞ 250 GR (10 KG);13 X 16 CM / 1300 ADET;KOLİ;20%;
;**;KĞT.KES-KRY500 10;KAĞIT KESE KURUYEMİŞ 500 GR (10 KG);17 X 19 CM / 820 ADET;KOLİ;20%;
;**;KĞT.KES-KRY1000 10;KAĞIT KESE KURUYEMİŞ 1000 GR (10 KG);22 X 24 CM / 420 ADET;KOLİ;20%;
;**;KĞT.ÇNT-FLT18 700;KAĞIT ÇANTA FLAT SAP 18 X 24 X 9 CM (700 ADET);KRAFT / BASKISIZ;KOLİ;20%;
;**;KĞT.ÇNT-FLT22 600;KAĞIT ÇANTA FLAT SAP 22 X 28 X 11 CM (600 ADET);KRAFT / BASKISIZ;KOLİ;20%;
;**;KĞT.ÇNT-FLT25 500;KAĞIT ÇANTA FLAT SAP 25 X 28 X 14 CM (500 ADET);KRAFT / BASKISIZ;KOLİ;20%;
;**;KĞT.ÇNT-FLT28 450;KAĞIT ÇANTA FLAT SAP 28 X 28 X 16 CM (450 ADET);KRAFT / BASKISIZ;KOLİ;20%;
;**;KĞT.ÇNT-FLT32 400;KAĞIT ÇANTA FLAT SAP 32 X 31 X 18 CM (400 ADET);KRAFT / BASKISIZ;KOLİ;20%;
;**;KĞT.ÇNT-BRG18 400;KAĞIT ÇANTA BURGU SAP 18 X 24 X 9 CM (400 ADET);KRAFT / BASKISIZ;KOLİ;20%;
;**;KĞT.ÇNT-BRG22 300;KAĞIT ÇANTA BURGU SAP 22 X 28 X 11 CM (300 ADET);KRAFT / BASKISIZ;KOLİ;20%;
;**;KĞT.ÇNT-BRG25 300;KAĞIT ÇANTA BURGU SAP 25 X 28 X 14 CM (300 ADET);KRAFT / BASKISIZ;KOLİ;20%;
;**;KĞT.ÇNT-BRG28 300;KAĞIT ÇANTA BURGU SAP 28 X 28 X 16 CM (300 ADET);KRAFT / BASKISIZ;KOLİ;20%;
;**;KĞT.ÇNT-BRG33 200;KAĞIT ÇANTA BURGU SAP 33 X 33 X 20 CM (200 ADET);KRAFT / BASKISIZ;KOLİ;20%;
;*;KĞT.YĞL-70.100 10;KAĞIT YAĞLI 70 X 100 CM (10 KG);BASKISIZ;KOLİ;20%;
;**;KĞT.SFT-70.100 10;KAĞIT SÜLFİT 70 X 100 CM (10 KG);BASKILI;KOLİ;20%;
;**;KĞT.GZT-40.60 25;KAĞIT GAZETE 40 X 60 CM (25 KG);BASKISIZ;KOLİ;10%;
;**;KĞT.GZT-30.40 25;KAĞIT GAZETE 30 X 40 CM (25 KG);BASKISIZ;KOLİ;10%;
;*;KĞT.PŞR-KRF 900;KAĞIT PİŞİRME KRAFT 25 METRE (50 ADET X 18 PAKET);RULO;KOLİ;20%;
;**;KĞT.AMR-BYZ 500;KAĞIT AMERİKAN SERVİS BEYAZ 30 X 40 CM (500 ADET);BASKILI;KOLİ;20%;
;*;KĞT.FTK-A4 2500;KAĞIT A4 FOTOKOPİ (500 ADET X 5 PAKET);BASKISIZ;KOLİ;10%;
;*;KĞT.RLO-POS 600;KAĞIT RULO POS 56 MM X 14 METRE (10 ADET X 60 PAKET);BASKISIZ;KOLİ;20%;
;*;KĞT.RLO-KASA 270;KAĞIT RULO KASA 80 MM X 30 METRE (10 ADET X 27 PAKET);BASKISIZ;KOLİ;20%;
;;;;;;;
;**;KRT.BRD-4 3000;KARTON BARDAK 4 OZ (50 ADET X 60 PAKET);2,5 GR;KOLİ;20%;
;**;KRT.BRD-6 3000;KARTON BARDAK 6 OZ (50 ADET X 60 PAKET);3,3 GR;KOLİ;20%;
;**;KRT.BRD-7 3000;KARTON BARDAK 7 OZ (50 ADET X 60 PAKET);3,6 GR;KOLİ;20%;
;**;KRT.BRD-8 2000;KARTON BARDAK 8 OZ (50 ADET X 40 PAKET);5,7 GR;KOLİ;20%;
;*;KRT.BRD-SLE8 2000;KARTON BARDAK SLEEVE 8 OZ (2000 ADET);KAHVERENGİ;KOLİ;20%;
;*;KRT.BRD-VİY2 240;KARTON BARDAK VİYOL 2'Lİ (240 ADET);7 & 8 & 9 & 12 OZ UYUM;KOLİ;20%;
;**;KRT.KAS-16OZ 500;KARTON KASE 16 OZ (25 ADET X 20 PAKET);8 GR / KAP + KAPAK;KOLİ;20%;
;**;KRT.KAS-14OZ 500;KARTON KASE 14 OZ (25 ADET X 20 PAKET);7,3 GR / KAP + KAPAK;KOLİ;20%;
;*;KRT.KAS-750CC 300;KARTON KASE 750 CC (50 ADET X 6 PAKET);13 GR / KAP + KAPAK;KOLİ;20%;
;*;KRT.KUT-PİDE 100;KARTON KUTU PİDE (100 ADET);42 X 13 X 4 CM;KOLİ;20%;
;*;KRT.KUT-LHMCN 100;KARTON KUTU LAHMACUN (100 ADET);22 X 47 X 3 CM;KOLİ;20%;
;*;KRT.KUT-PİZ33 100;KARTON KUTU PİZZA 33 X 33 CM (100 ADET);33 X 33 X 4,2 CM;KOLİ;20%;
;*;KRT.KUT-PİZ30 100;KARTON KUTU PİZZA 30 X 30 CM (100 ADET);30 X 30 X 4,2 CM;KOLİ;20%;
;*;KRT.KUT-PİZ26 100;KARTON KUTU PİZZA 26 X 26 CM (100 ADET);26 X 26 X 4,2 CM;KOLİ;20%;
;**;KRT.KUT-BKL500 100;KARTON KUTU BAKLAVA 500 GR (100 ADET);22 X 12 X 4 CM;KOLİ;20%;
;**;KRT.KUT-BKL1000 100;KARTON KUTU BAKLAVA 1000 GR (100 ADET);24 X 18 X 4 CM;KOLİ;20%;
;**;KRT.KUT-KRP1000 100;KARTON KUTU KURU PASTA 1000 GR (100 ADET);22 X 21 X 6 CM;KOLİ;20%;
;**;KRT.KUT-TRT0 100;KARTON KUTU TURTA NO:0 (100 ADET);19 X 19 X 13 CM;KOLİ;20%;
;**;KRT.KUT-TRT1 100;KARTON KUTU TURTA NO:1 (100 ADET);21 X 21 X 13 CM;KOLİ;20%;
;**;KRT.KUT-TRT2 50;KARTON KUTU TURTA NO:2 (50 ADET);25 X 25 X 13 CM;KOLİ;20%;
;**;KRT.KUT-TRT3 50;KARTON KUTU TURTA NO:3 (50 ADET);28 X 28 X 13 CM;KOLİ;20%;
;;;;;;;
;*;EKJ-TBK18 1000;EKOLOJİK TABAK 18 CM (20 ADET X 50 PAKET);18 X 15,5 X 1,7 CM;KOLİ;20%;
;*;EKJ-TBK22,5 500;EKOLOJİK TABAK 22,5 CM (20 ADET X 25 PAKET);22,5 X 20 X 1,8 CM;KOLİ;20%;
;*;EKJ-TBK26 1000;EKOLOJİK TABAK 26 CM (50 ADET X 20 PAKET);26 X 23 X 2 CM;KOLİ;20%;
;*;EKJ-TBK3GÖZ 500;EKOLOJİK TABAK 3 GÖZ (20 ADET X 25 PAKET);26 X 23 X 2,5 CM;KOLİ;20%;
;*;EKJ-TBKKASE 1000;EKOLOJİK TABAK 350 ML KASE (20 ADET X 50 PAKET);13,5 X 12 X 4,5 CM;KOLİ;20%;
;;;;;;;
;*;AHŞ.KRŞ-KAYIN 8400;AHŞAP KARIŞTIRICI KAYIN (350 ADET X 24 PAKET);11 CM / KAYIN / PARAFİNSİZ;KOLİ;20%;
;*;AHŞ.KRD-JLT 50000;AHŞAP KÜRDAN JELATİNLİ (1000 ADET X 50 PAKET);6,5 CM / HUŞ;KOLİ;20%;
;*;AHŞ.KRD-JLT 20000;AHŞAP KÜRDAN JELATİNLİ (400 ADET X 50 PAKET);6,5 CM / HUŞ;KOLİ;20%;
;*;AHŞ.ŞİŞ-ADN24 5000;AHŞAP ŞİŞ ADANA 24 CM (250 ADET X 20 PAKET);240 X 10 X 2 MM / HUŞ;KOLİ;20%;
;*;AHŞ.ŞİŞ-ÇÖP15 20000;AHŞAP ŞİŞ ÇÖP 15 CM (100 ADET X 200 PAKET);150 X 2,5 MM / BAMBU;KOLİ;20%;
;*;AHŞ.ŞİŞ-ÇÖP20 20000;AHŞAP ŞİŞ ÇÖP 20 CM (100 ADET X 200 PAKET);200 X 2,5 MM / BAMBU;KOLİ;20%;
;*;AHŞ.ŞİŞ-ÇÖP25 20000;AHŞAP ŞİŞ ÇÖP 25 CM (100 ADET X 200 PAKET);250 X 2,5 MM / BAMBU;KOLİ;20%;
;*;AHŞ.ŞİŞ-ÇÖP30 20000;AHŞAP ŞİŞ ÇÖP 30 CM (100 ADET X 200 PAKET);300 X 2,5 MM / BAMBU;KOLİ;20%;
;;;;;;;
;*;BHR-ŞKRKÜP 5;BAHARAT ŞEKER KÜP (5 KG);3 GR;KOLİ;1%;
;*;BHR-ŞKRSTC 1000;BAHARAT ŞEKER STİCK (1000 ADET);3 GR;KOLİ;1%;
;*;BHR-TUZ 24;BAHARAT TUZ (24 PAKET);800 GR;KOLİ;1%;
;*;BHR-KRB 1000;BAHARAT KARABİBER (1000 ADET);0,5 GR;KOLİ;1%;
;*;BHR-PUL 1000;BAHARAT PULBİBER (1000 ADET);0,5 GR;KOLİ;1%;
;;;;;;;
;*;ALM.KAP-250 3000;ALÜMİNYUM KAP 250 GR (100 ADET X 30 PAKET);320 CC / 727 L;KOLİ;20%;
;*;ALM.KAP-350 2400;ALÜMİNYUM KAP 350 GR (100 ADET X 24 PAKET);435 CC / 728 L;KOLİ;20%;
;*;ALM.KAP-500 2000;ALÜMİNYUM KAP 500 GR (100 ADET X 20 PAKET);500 CC / 700 L;KOLİ;20%;
;*;ALM.KAP-750 1800;ALÜMİNYUM KAP 750 GR (100 ADET X 18 PAKET);650 CC / 787 L;KOLİ;20%;
;*;ALM.KAP-1000 1600;ALÜMİNYUM KAP 1000 GR (100 ADET X 16 PAKET);930 CC / 707 L;KOLİ;20%;
;*;ALM.KAP-1500 1000;ALÜMİNYUM KAP 1500 GR (100 ADET X 10 PAKET);1125 CC / 729 L;KOLİ;20%;
;*;ALM.KAP-GÖZ2 1000;ALÜMİNYUM KAP GÖZ 2 (100 ADET X 10 PAKET);350+480 CC / 725 L;KOLİ;20%;
;*;ALM.KAP-GÖZ3 1000;ALÜMİNYUM KAP GÖZ 3 (100 ADET X 10 PAKET);220+160+380 CC / 726 L;KOLİ;20%;
;*;ALM.KAP-TPSKÇK 500;ALÜMİNYUM KAP TEPSİ KÜÇÜK (50 ADET X 10 PAKET);2380 CC / 702 L;KOLİ;20%;
;*;ALM.KAP-TPSORT 500;ALÜMİNYUM KAP TEPSİ ORTA (50 ADET X 10 PAKET);3240 CC / 731 L;KOLİ;20%;
;*;ALM.KAP-TPSBYK 200;ALÜMİNYUM KAP TEPSİ BÜYÜK (25 ADET X 8 PAKET);4750 CC / 799 G;KOLİ;20%;
;*;ALM.KAP-OVLKÇK 325;ALÜMİNYUM KAP OVAL KÜÇÜK (25 ADET X 13 PAKET);805 CC / 9 WS;KOLİ;20%;
;*;ALM.KAP-OVLORT 250;ALÜMİNYUM KAP OVAL ORTA (25 ADET X 10 PAKET);1800 CC / 9 WM;KOLİ;20%;
;*;ALM.KAP-SÜTLAÇ 4000;ALÜMİNYUM KAP SÜTLAÇ (100 ADET X 40 PAKET);325 CC / 900 G;KOLİ;20%;
;*;ALM.KAP-KÜNEFE 2400;ALÜMİNYUM KAP KÜNEFE (100 ADET X 24 PAKET);215 CC / 502 L;KOLİ;20%;
;*;ALM.KAP-KREM 8750;ALÜMİNYUM KAP KREM KARAMEL (250 ADET X 35 PAKET);135 CC / 511 G;KOLİ;20%;
;*;ALM.KAP-SUP 4800;ALÜMİNYUM KAP SUP (100 ADET X 48 PAKET);190 CC / 501 G;KOLİ;20%;
;**;ALM.KPK-250 1000;ALÜMİNYUM KAPAK 250 GR (100 ADET X 10 PAKET);14,8 X 12,3 CM;KOLİ;20%;
;**;ALM.KPK-350 1000;ALÜMİNYUM KAPAK 350 GR (100 ADET X 10 PAKET);14,8 X 12,3 CM;KOLİ;20%;
;**;ALM.KPK-500 1000;ALÜMİNYUM KAPAK 500 GR (100 ADET X 10 PAKET);20,5 X 11,5 CM;KOLİ;20%;
;**;ALM.KPK-750 1000;ALÜMİNYUM KAPAK 750 GR (100 ADET X 10 PAKET);21,9 X 12,7 CM;KOLİ;20%;
;**;ALM.KPK-1000 1000;ALÜMİNYUM KAPAK 1000 GR (100 ADET X 10 PAKET);21,8 X 15,5 CM;KOLİ;20%;
;**;ALM.KPK-1500 1000;ALÜMİNYUM KAPAK 1500 GR (100 ADET X 10 PAKET);22,5 X 17,5 CM;KOLİ;20%;
;**;ALM.KPK-TPSKÇK 500;ALÜMİNYUM KAPAK TEPSİ KÜÇÜK (100 ADET X 5 PAKET);31,6 X 21,6 CM;KOLİ;20%;
;**;ALM.KPK-TPSORT 500;ALÜMİNYUM KAPAK TEPSİ ORTA (100 ADET X 5 PAKET);32,2 X 26,2 CM;KOLİ;20%;
;**;ALM.KPK-KÜNEFE 1000;ALÜMİNYUM KAPAK KÜNEFE (100 ADET X 10 PAKET);13,8 CM;KOLİ;20%;
;*;ALM.FLY-30.400 28;ALÜMİNYUM FOLYO 30 CM X 400 GR (28 ADET);200 GR MASURA;KOLİ;20%;
;*;ALM.FLY-30.1000 20;ALÜMİNYUM FOLYO 30 CM X 1000 GR (20 ADET);200 GR MASURA;KOLİ;20%;
;*;ALM.FLY-30.2000 12;ALÜMİNYUM FOLYO 30 CM X 2000 GR (12 ADET);500 GR MASURA;KOLİ;20%;
;*;ALM.FLY-45.400 30;ALÜMİNYUM FOLYO 45 CM X 400 GR (30 ADET);200 GR MASURA;KOLİ;20%;
;*;ALM.FLY-45.1000 18;ALÜMİNYUM FOLYO 45 CM X 1000 GR (18 ADET);200 GR MASURA;KOLİ;20%;
;*;ALM.FLY-45.2000 10;ALÜMİNYUM FOLYO 45 CM X 2000 GR (10 ADET);500 GR MASURA;KOLİ;20%;
;;;;;;;
;*;STR.GLR-30.150.8 20;STREÇ GLORA 30 CM X 150 METRE 8 MİC (20 ADET);PVC;KOLİ;20%;
;*;STR.GLR-30.250.8 20;STREÇ GLORA 30 CM X 250 METRE 8 MİC (20 ADET);PVC;KOLİ;20%;
;*;STR.GLR-45.150.8 16;STREÇ GLORA 45 CM X 150 METRE 8 MİC (16 ADET);PVC;KOLİ;20%;
;*;STR.GLR-45.250.8 16;STREÇ GLORA 45 CM X 250 METRE 8 MİC (16 ADET);PVC;KOLİ;20%;
;*;STR.İLK-30.170.8 30;STREÇ İLKA 30 CM X 170 METRE 8 MİC (30 ADET);WRAP;KOLİ;20%;
;*;STR.İLK-30.240.8 24;STREÇ İLKA 30 CM X 240 METRE 8 MİC (24 ADET);WRAP;KOLİ;20%;
;*;STR.İLK-30.1500.8 1;STREÇ İLKA 30 CM X 1500 METRE 8 MİC (1 ADET);WRAP;KOLİ;20%;
;*;STR.İLK-45.170.8 25;STREÇ İLKA 45 CM X 170 METRE 8 MİC (25 ADET);WRAP;KOLİ;20%;
;*;STR.İLK-45.240.8 24;STREÇ İLKA 45 CM X 240 METRE 8 MİC (24 ADET);WRAP;KOLİ;20%;
;*;STR.İLK-45.1500.8 1;STREÇ İLKA 45 CM X 1500 METRE 8 MİC (1 ADET);WRAP;KOLİ;20%;
;*;STR.LEI-45.1500.8 1;STREÇ LEILA 45 CM X 1500 METRE 8 MİC (1 ADET);WRAP;KOLİ;20%;
;*;STR.PLT-300MT 6;STREÇ PALET 300 METRE (6 ADET);PALET;KOLİ;20%;
;*;STR.PLT-1000GR 6;STREÇ PALET 1000 GR (6 ADET);PALET;KOLİ;20%;
;;;;;;;
;*;BNT.HOT-45.100 84;BANT HOTMELT 45 CM X 100 METRE (84 ADET);ŞEFFAF;KOLİ;20%;
;;;;;;;
;**;SZD-150 1000;SIZDIRMAZ 150 GR (100 ADET X 10 PAKET);5,5 GR;KOLİ;20%;
;**;SZD-250 1000;SIZDIRMAZ 250 GR (100 ADET X 10 PAKET);6,5 GR;KOLİ;20%;
;**;SZD-375 1000;SIZDIRMAZ 375 GR (100 ADET X 10 PAKET);8,5 GR;KOLİ;20%;
;**;SZD-500 1000;SIZDIRMAZ 500 GR (100 ADET X 10 PAKET);10,5 GR;KOLİ;20%;
;**;SZD-750 600;SIZDIRMAZ 750 GR (100 ADET X 6 PAKET);16 GR;KOLİ;20%;
;**;SZD-1000DÜZ 600;SIZDIRMAZ 1000 GR DÜZ (100 ADET X 6 PAKET);18 GR;KOLİ;20%;
;**;SZD-1000YKS 600;SIZDIRMAZ 1000 GR YÜKSEK (100 ADET X 6 PAKET);18 GR;KOLİ;20%;
;**;SZD-1500DÜZ 200;SIZDIRMAZ 1500 GR DÜZ (100 ADET X 2 PAKET);30 GR;KOLİ;20%;
;**;SZD-1500YKS 200;SIZDIRMAZ 1500 GR YÜKSEK (100 ADET X 2 PAKET);30 GR;KOLİ;20%;
;**;SZD-2000DÜZ 200;SIZDIRMAZ 2000 GR DÜZ (100 ADET X 2 PAKET);36 GR;KOLİ;20%;
;**;SZD-PEYNİR 800;SIZDIRMAZ PEYNİR (100 ADET X 8 PAKET);12 GR;KOLİ;20%;
;**;SZD-BKL500 400;SIZDIRMAZ BAKLAVA 500 GR (100 ADET X 4 PAKET);30 GR;KOLİ;20%;
;**;SZD-BKL1000 200;SIZDIRMAZ BAKLAVA 1000 GR (100 ADET X 2 PAKET);50 GR;KOLİ;20%;
;**;SZD-OVAL80 1000;SIZDIRMAZ OVAL 80 CC (100 ADET X 10 PAKET);5 GR;KOLİ;20%;
;**;SZD-OVAL100 1000;SIZDIRMAZ OVAL 100 CC (100 ADET X 10 PAKET);5 GR;KOLİ;20%;
;**;SZD.YMK-MKR1 200;SIZDIRMAZ YEMEK MİKRODALGA 1 GÖZ (50 ADET X 4 PAKET);38 GR;KOLİ;20%;
;**;SZD.YMK-MKR2 200;SIZDIRMAZ YEMEK MİKRODALGA 2 GÖZ (50 ADET X 4 PAKET);38 GR;KOLİ;20%;
;**;SZD.YMK-MKR3 200;SIZDIRMAZ YEMEK MİKRODALGA 3 GÖZ (50 ADET X 4 PAKET);38 GR;KOLİ;20%;
;**;SZD.YMK-SALATA 200;SIZDIRMAZ YEMEK SALATA (50 ADET X 4 PAKET);30 GR;KOLİ;20%;
;*;SZD.YMK-WAFFLE 200;SIZDIRMAZ YEMEK WAFFLE (50 ADET X 4 PAKET);15 GR;KOLİ;20%;
;;;;;;;
;**;PLS.SOS-KPK20 2000;PLASTİK SOS KAP KAPAKLI 20 CC (100 ADET X 20 PAKET);1,8 GR;KOLİ;20%;
;**;PLS.SOS-KPK50 2000;PLASTİK SOS KAP KAPAKLI 50 CC (100 ADET X 20 PAKET);3 GR;KOLİ;20%;
;**;PLS.SOS-PND50 1000;PLASTİK SOS KAP PANDA 50 CC (100 ADET X 10 PAKET);1,5 GR;KOLİ;20%;
;**;PLS.SOS-PND80 1000;PLASTİK SOS KAP PANDA 80 CC (100 ADET X 10 PAKET);2 GR;KOLİ;20%;
;**;PLS.KPK-8OZ 2000;PLASTİK KAPAK 8 OZ (100 ADET X 20 PAKET);KARTON BARDAK;KOLİ;20%;
;**;PLS.KPK-71MM 1000;PLASTİK KAPAK 71 MM (100 ADET X 10 PAKET);SOS KAP;KOLİ;20%;
;**;PLS.KPK-80MM 2000;PLASTİK KAPAK 80 MM (100 ADET X 20 PAKET);KARTON & PLASTİK BARDAK;KOLİ;20%;
;**;PLS.KPK-96MM 1000;PLASTİK KAPAK 96 MM (100 ADET X 10 PAKET);PLASTİK BARDAK;KOLİ;20%;
;**;PLS.KPK-SÜTLAÇ 3000;PLASTİK KAPAK SÜTLAÇ (100 ADET X 30 PAKET);ALÜMİNYUM KAP;KOLİ;20%;
;**;PLS.KPK-SUP 2800;PLASTİK KAPAK SUP (100 ADET X 28 PAKET);ALÜMİNYUM & PLASTİK KAP;KOLİ;20%;
;*;PLS.KAS-SUP150 2800;PLASTİK KASE SUP 150 CC (100 ADET X 28 PAKET);2,3 GR;KOLİ;20%;
;*;PLS.KAS-250 2000;PLASTİK KASE 250 GR (100 ADET X 20 PAKET);3,4 GR;KOLİ;20%;
;*;PLS.KAS-500 1200;PLASTİK KASE 500 GR (100 ADET X 12 PAKET);5 GR;KOLİ;20%;
;*;PLS.KAS-1000 1200;PLASTİK KASE 1000 GR (100 ADET X 12 PAKET);7 GR;KOLİ;20%;
;**;PLS.TBK-13,5 2000;PLASTİK TABAK 13,5 CM (100 ADET X 20 PAKET);2,2 GR;KOLİ;20%;
;**;PLS.TBK-17 2000;PLASTİK TABAK 17 CM (100 ADET X 20 PAKET);3 GR;KOLİ;20%;
;**;PLS.TBK-19 2000;PLASTİK TABAK 19 CM (100 ADET X 20 PAKET);4 GR;KOLİ;20%;
;**;PLS.TBK-21 2000;PLASTİK TABAK 21 CM (100 ADET X 20 PAKET);5 GR;KOLİ;20%;
;**;PLS.İKR-6ÇK 1000;PLASTİK İKRAM SET 6'LI ÇATAL KAŞIK (100 ADET X 10 PAKET);ŞEFFAF;KOLİ;20%;
;*;PLS.ÇKB-2,5ŞFLÜÇTL 4000;PLASTİK ÇKB 2,5 GR ŞEFFAF LÜKS ÇATAL (100 ADET X 40 PAKET);2,5 GR;KOLİ;20%;
;*;PLS.ÇKB-2,5ŞFLÜKŞK 4000;PLASTİK ÇKB 2,5 GR ŞEFFAF LÜKS KAŞIK (100 ADET X 40 PAKET);2,5 GR;KOLİ;20%;
;*;PLS.ÇKB-2,5ŞFLÜBÇK 4000;PLASTİK ÇKB 2,5 GR ŞEFFAF LÜKS BIÇAK (100 ADET X 40 PAKET);2,5 GR;KOLİ;20%;
;**;PLS.ÇKB-SUPKŞK 4800;PLASTİK ÇKB SUP KAŞIK (100 ADET X 48 PAKET);1,2 GR;KOLİ;20%;
;**;PLS.ÇKB-PNDKŞK 12500;PLASTİK ÇKB PANDA KAŞIK (500 ADET X 25 PAKET);1 GR;KOLİ;20%;
;**;PLS.ÇKB-CPSÇTL 30000;PLASTİK ÇKB CİPS ÇATAL (1000 ADET X 30 PAKET);0,38 GR;KOLİ;20%;
;*;PLS.BRD-180CC 3000;PLASTİK BARDAK 180 CC (100 ADET X 30 PAKET);1,1 GR;KOLİ;20%;
;*;PLS.BRD-250CC 2000;PLASTİK BARDAK 250 CC (50 ADET X 40 PAKET);2,2 GR;KOLİ;20%;
;*;PLS.BRD-360CC 1000;PLASTİK BARDAK 360 CC (50 ADET X 20 PAKET);5 GR;KOLİ;20%;
;*;PLS.BRD-KRS 1000;PLASTİK BARDAK KRİSTAL (25 ADET X 40 PAKET);8,3 GR;KOLİ;20%;
;*;PLS.BRD-SHOT 1000;PLASTİK BARDAK SHOT (40 ADET X 25 PAKET);3,9 GR;KOLİ;20%;
;**;PLS.PİP-8JELKÖR 5000;PLASTİK PİPET 8 MM JELATİNLİ KÖRÜKLÜ (100 ADET X 50 PAKET);22,5 CM;KOLİ;20%;
;**;PLS.PİP-8JELDÜZ 5000;PLASTİK PİPET 8 MM JELATİNLİ DÜZ (100 ADET X 50 PAKET);24 CM;KOLİ;20%;
;**;PLS.PİP-19KĞT 10000;PLASTİK PİPET 19 CM KAĞITLI DÜZ (200 ADET X 50 PAKET);5 MM;KOLİ;20%;
;;;;;;;
;*;LST-40TOKA 30;LASTİK 40 MM TOKA (30 KG);40 X 1,25 X 1,2 MM;KOLİ;20%;
;*;LST-70PARA 30;LASTİK 70 MM PARA (30 KG);70 X 1,5 X 1,3 MM;KOLİ;20%;
;*;LST-120BLN 30;LASTİK 120 MM BALON (30 KG);120 X 1,5 X 1,5 MM;KOLİ;20%;
;*;LST-120YMR 30;LASTİK 120 MM YUMURTA (30 KG);120 X 3 X 1,5 MM;KOLİ;20%;
;;;;;;;
;*;PŞT.KLT-5.5 24000;POŞET KİLİTLİ 5 X 5 CM (2000 ADET X 12 PAKET);25 MİCRON;KOLİ;20%;
;*;PŞT.KLT-6.7 24000;POŞET KİLİTLİ 6 X 7 CM (2000 ADET X 12 PAKET);27 MİCRON;KOLİ;20%;
;*;PŞT.KLT-7.9 18000;POŞET KİLİTLİ 7 X 9 CM (1500 ADET X 12 PAKET);30 MİCRON;KOLİ;20%;
;*;PŞT.KLT-8.10 12000;POŞET KİLİTLİ 8 X 10 CM (1000 ADET X 12 PAKET);30 MİCRON;KOLİ;20%;
;*;PŞT.KLT-9.11 12000;POŞET KİLİTLİ 9 X 11 CM (1000 ADET X 12 PAKET);30 MİCRON;KOLİ;20%;
;*;PŞT.KLT-10.12 12000;POŞET KİLİTLİ 10 X 12 CM (1000 ADET X 12 PAKET);30 MİCRON;KOLİ;20%;
;*;PŞT.KLT-11.14 12000;POŞET KİLİTLİ 11 X 14 CM (1000 ADET X 12 PAKET);30 MİCRON;KOLİ;20%;
;*;PŞT.KLT-13.16 7200;POŞET KİLİTLİ 13 X 16 CM (600 ADET X 12 PAKET);30 MİCRON;KOLİ;20%;
;*;PŞT.KLT-15.18 7200;POŞET KİLİTLİ 15 X 18 CM (600 ADET X 12 PAKET);30 MİCRON;KOLİ;20%;
;*;PŞT.KLT-16.20 7200;POŞET KİLİTLİ 16 X 20 CM (600 ADET X 12 PAKET);30 MİCRON;KOLİ;20%;
;*;PŞT.KLT-17.23 3600;POŞET KİLİTLİ 17 X 23 CM (300 ADET X 12 PAKET);30 MİCRON;KOLİ;20%;
;*;PŞT.KLT-19.25 3600;POŞET KİLİTLİ 19 X 25 CM (300 ADET X 12 PAKET);30 MİCRON;KOLİ;20%;
;*;PŞT.KLT-21.27 3600;POŞET KİLİTLİ 21 X 27 CM (300 ADET X 12 PAKET);30 MİCRON;KOLİ;20%;
;*;PŞT.KLT-23.31 3000;POŞET KİLİTLİ 23 X 31 CM (250 ADET X 12 PAKET);30 MİCRON;KOLİ;20%;
;*;PŞT.KLT-26.36 2400;POŞET KİLİTLİ 26 X 36 CM (200 ADET X 12 PAKET);30 MİCRON;KOLİ;20%;
;**;PŞT.MTL-7.9 10000;POŞET METALİZE 7 X 9 CM (100 ADET X 100 PAKET);BANTLI / DESENLİ;KOLİ;20%;
;**;PŞT.MTL-10.12 10000;POŞET METALİZE 10 X 12 CM (100 ADET X 100 PAKET);BANTLI / DESENLİ;KOLİ;20%;
;**;PŞT.MTL-12.17 2500;POŞET METALİZE 12 X 17 CM (100 ADET X 25 PAKET);BANTLI / DESENLİ;KOLİ;20%;
;**;PŞT.MTL-15.25 2500;POŞET METALİZE 15 X 25 CM (100 ADET X 25 PAKET);BANTLI / DESENLİ;KOLİ;20%;
;**;PŞT.MTL-20.25 2500;POŞET METALİZE 20 X 25 CM (100 ADET X 25 PAKET);BANTLI / DESENLİ;KOLİ;20%;
;**;PŞT.MTL-20.35 2500;POŞET METALİZE 20 X 35 CM (100 ADET X 25 PAKET);BANTLI / DESENLİ;KOLİ;20%;
;**;PŞT.MTL-25.35 2500;POŞET METALİZE 25 X 35 CM (100 ADET X 25 PAKET);BANTLI / DESENLİ;KOLİ;20%;
;**;PŞT.MTL-30.35 2500;POŞET METALİZE 30 X 35 CM (100 ADET X 25 PAKET);BANTLI / DESENLİ;KOLİ;20%;
;**;PŞT.MTL-30.45 2500;POŞET METALİZE 30 X 45 CM (100 ADET X 25 PAKET);BANTLI / DESENLİ;KOLİ;20%;
;**;PŞT.MTL-35.50 2500;POŞET METALİZE 35 X 50 CM (100 ADET X 25 PAKET);BANTLI / DESENLİ;KOLİ;20%;
;**;PŞT.MTL-40.60 2500;POŞET METALİZE 40 X 60 CM (100 ADET X 25 PAKET);BANTLI / DESENLİ;KOLİ;20%;
;*;PŞT.TKV-SYH2 1000;POŞET TAKVİYELİ SİYAH NO:2 (50 ADET X 20 PAKET);26 X 38 CM / 4,2 KG;KOLİ;20%;
;*;PŞT.TKV-SYH3 1000;POŞET TAKVİYELİ SİYAH NO:3 (50 ADET X 20 PAKET);33 X 45 CM / 5,5 KG;KOLİ;20%;
;*;PŞT.TKV-SYH4 1000;POŞET TAKVİYELİ SİYAH NO:4 (50 ADET X 20 PAKET);40 X 50 CM / 7,3 KG;KOLİ;20%;
;*;PŞT.TKV-SYH5 750;POŞET TAKVİYELİ SİYAH NO:5 (50 ADET X 15 PAKET);50 X 60 CM / 8 KG;KOLİ;20%;
;*;PŞT.TKV-SYH6 500;POŞET TAKVİYELİ SİYAH NO:6 (50 ADET X 10 PAKET);60 X 70 CM / 8,7 KG;KOLİ;20%;
;*;PŞT.TKV-BYZ2 1000;POŞET TAKVİYELİ BEYAZ NO:2 (50 ADET X 20 PAKET);26 X 38 CM / 6,1 KG;KOLİ;20%;
;*;PŞT.TKV-BYZ3 1000;POŞET TAKVİYELİ BEYAZ NO:3 (50 ADET X 20 PAKET);33 X 45 CM / 9 KG;KOLİ;20%;
;*;PŞT.TKV-BYZ4 1000;POŞET TAKVİYELİ BEYAZ NO:4 (50 ADET X 20 PAKET);40 X 50 CM / 11,8 KG;KOLİ;20%;
;*;PŞT.TKV-BYZ5 750;POŞET TAKVİYELİ BEYAZ NO:5 (50 ADET X 15 PAKET);50 X 60 CM / 13,2 KG;KOLİ;20%;
;*;PŞT.TKV-BYZ6 500;POŞET TAKVİYELİ BEYAZ NO:6 (50 ADET X 10 PAKET);60 X 70 CM / 12,7 KG;KOLİ;20%;
;*;PŞT.BLK-BSIZ0 7500;POŞET BLOK BASKISIZ NO:0 (500 ADET X 15 PAKET);20 X 30 CM / 12,1 KG;KOLİ;20%;
;*;PŞT.BLK-BSIZ1 7500;POŞET BLOK BASKISIZ NO:1 (500 ADET X 15 PAKET);22 X 33 CM / 15,1 KG;KOLİ;20%;
;*;PŞT.BLK-BSIZ2 7500;POŞET BLOK BASKISIZ NO:2 (500 ADET X 15 PAKET);26 X 38 CM / 20,2 KG;KOLİ;20%;
;*;PŞT.BLK-BLI0 5000;POŞET BLOK BASKILI NO:0 (100 ADET X 50 PAKET);20 X 30 CM / 7,9 KG;KOLİ;20%;
;*;PŞT.BLK-BLI1 5000;POŞET BLOK BASKILI NO:1 (100 ADET X 50 PAKET);22 X 33 CM / 10,2 KG;KOLİ;20%;
;*;PŞT.BLK-BLI2 3000;POŞET BLOK BASKILI NO:2 (100 ADET X 30 PAKET);26 X 38 CM / 8,3 KG;KOLİ;20%;
;*;PŞT.BKY-15.30 25;POŞET BAKKALİYE 15 X 30 CM (25 KG);9250 ADET;KOLİ;20%;
;*;PŞT.BKY-20.30 25;POŞET BAKKALİYE 20 X 30 CM (25 KG);6950 ADET;KOLİ;20%;
;*;PŞT.BKY-23.36 25;POŞET BAKKALİYE 23 X 36 CM (25 KG);5050 ADET;KOLİ;20%;
;*;PŞT.BKY-28.45 25;POŞET BAKKALİYE 28 X 45 CM (25 KG);2950 ADET;KOLİ;20%;
;*;PŞT.BKY-30.52 25;POŞET BAKKALİYE 30 X 52 CM (25 KG);2225 ADET;KOLİ;20%;
;*;PŞT.BKY-40.60 25;POŞET BAKKALİYE 40 X 60 CM (25 KG);1325 ADET;KOLİ;20%;
;*;PŞT.BKY-50.70 25;POŞET BAKKALİYE 50 X 70 CM (25 KG);1200 ADET;KOLİ;20%;
;*;PŞT.BKY-60.90 25;POŞET BAKKALİYE 60 X 90 CM (25 KG);775 ADET;KOLİ;20%;
;*;PŞT.BKY-70.100 25;POŞET BAKKALİYE 70 X 100 CM (25 KG);600 ADET;KOLİ;20%;
;*;PŞT.BKY-70.120 25;POŞET BAKKALİYE 70 X 120 CM (25 KG);500 ADET;KOLİ;20%;
;*;PŞT.GID-RLOKÇK 20;POŞET GIDA RULO KÜÇÜK (20 ADET);6 KG;KOLİ;20%;
;*;PŞT.GID-RLOORT 20;POŞET GIDA RULO ORTA (20 ADET);7 KG;KOLİ;20%;
;*;PŞT.GID-RLOBYK 20;POŞET GIDA RULO BÜYÜK (20 ADET);9,5 KG;KOLİ;20%;
;*;PŞT.GID-BZDKÇK 3000;POŞET GIDA BUZDOLABI KÜÇÜK (30 ADET X 100 PAKET);20 X 30 CM;KOLİ;20%;
;*;PŞT.GID-BZDORT 2000;POŞET GIDA BUZDOLABI ORTA (20 ADET X 100 PAKET);23 X 36 CM;KOLİ;20%;
;*;PŞT.GID-BZDBYK 1500;POŞET GIDA BUZDOLABI BÜYÜK (15 ADET X 100 PAKET);30 X 45 CM;KOLİ;20%;
;*;PŞT.GID-PLSKĞT 25;POŞET GIDA PLAST KAĞIT (25 KG);35 X 50 CM;KOLİ;20%;
;*;PŞT.GID-HMBR 24000;POŞET GIDA HAMBURGER (2000 ADET X 12 PAKET);13 X 13 CM;KOLİ;20%;
;*;PŞT.GID-PİDE 12000;POŞET GIDA PİDE (1000 ADET X 12 PAKET);13 X 26 CM;KOLİ;20%;
;*;PŞT.GID-DÜRÜM 20000;POŞET GIDA DÜRÜM (500 ADET X 40 PAKET);14 X 28 CM;KOLİ;20%;
;*;PŞT.GID-ŞRK2030 10;POŞET GIDA ŞARKÜTERİ 20 X 30 CM (10 KG);20 X 30 CM;KOLİ;20%;
;*;PŞT.GID-ŞRK2336 10;POŞET GIDA ŞARKÜTERİ 23 X 36 CM (10 KG);23 X 36 CM;KOLİ;20%;
;*;PŞT.GID-SPRBYZ 10;POŞET GIDA SÜPER MİNİ BEYAZ (10 KG);400 ADET;KOLİ;20%;
;*;PŞT.AKL-CİCİ 25;POŞET A KALİTE CİCİ (25 KG);23 X 40 CM / 3375 ADET;KOLİ;20%;
;*;PŞT.AKL-KÜÇÜK 25;POŞET A KALİTE KÜÇÜK (25 KG);26 X 45 CM / 2875 ADET;KOLİ;20%;
;*;PŞT.AKL-ORTA 25;POŞET A KALİTE ORTA (25 KG);27 X 52 CM / 2200 ADET;KOLİ;20%;
;*;PŞT.AKL-BÜYÜK 25;POŞET A KALİTE BÜYÜK (25 KG);30 X 60 CM / 1575 ADET;KOLİ;20%;
;*;PŞT.AKL-BATTAL 25;POŞET A KALİTE BATTAL (25 KG);45 X 75 CM / 575 ADET;KOLİ;20%;
;*;PŞT.AKL-HANTAL 25;POŞET A KALİTE HANTAL (25 KG);50 X 90 CM / 450 ADET;KOLİ;20%;
;*;PŞT.ÇÖP-MİNİ 2000;POŞET ÇÖP BOY MİNİ (40 ADET X 50 PAKET);40 X 45 CM / BEYAZ;KOLİ;20%;
;*;PŞT.ÇÖP-ORTA 1000;POŞET ÇÖP BOY ORTA (20 ADET X 50 PAKET);55 X 60 CM / SİYAH;KOLİ;20%;
;*;PŞT.ÇÖP-BÜYÜK 500;POŞET ÇÖP BOY BÜYÜK (10 ADET X 50 PAKET);65 X 80 CM / SİYAH;KOLİ;20%;
;*;PŞT.ÇÖP-BTL300 200;POŞET ÇÖP BATTAL 300 GR (10 ADET X 20 PAKET);72 X 95 CM / SİYAH;KOLİ;20%;
;*;PŞT.ÇÖP-BTL400 200;POŞET ÇÖP BATTAL 400 GR (10 ADET X 20 PAKET);72 X 95 CM / SİYAH;KOLİ;20%;
;*;PŞT.ÇÖP-JMB400 200;POŞET ÇÖP JUMBO 400 GR (10 ADET X 20 PAKET);80 X 110 CM / SİYAH;KOLİ;20%;
;*;PŞT.ÇÖP-JMB600 200;POŞET ÇÖP JUMBO 600 GR (10 ADET X 20 PAKET);80 X 110 CM / SİYAH;KOLİ;20%;
;*;PŞT.ÇÖP-JMB800 100;POŞET ÇÖP JUMBO 800 GR (10 ADET X 10 PAKET);80 X 110 CM / SİYAH;KOLİ;20%;
;*;PŞT.ÇÖP-HNT800 100;POŞET ÇÖP HANTAL 800 GR (10 ADET X 10 PAKET);100 X 150 CM / SİYAH;KOLİ;20%;
;*;PŞT.ÇÖP-KNT120 100;POŞET ÇÖP KONTEYNER 120 LT 800 GR (10 ADET X 10 PAKET);90 X 125 CM / SİYAH;KOLİ;20%;
;*;PŞT.ÇÖP-KNT240 100;POŞET ÇÖP KONTEYNER 240 LT 1000 GR (10 ADET X 10 PAKET);120 X 150 CM / SİYAH;KOLİ;20%;
;**;PŞT.ÇÖP-DÖK80110 25;POŞET ÇÖP DÖKME 80 X 110 CM (25 KG);200 ADET / SİYAH;KOLİ;20%;
;**;PŞT.ÇÖP-DÖK100150 25;POŞET ÇÖP DÖKME 100 X 150 CM (25 KG);175 ADET / SİYAH;KOLİ;20%;
;**;PŞT.ÇÖP-DÖK120150 25;POŞET ÇÖP DÖKME 120 X 150 CM (25 KG);150 ADET / SİYAH;KOLİ;20%;
;;;;;;;
;*;ELD-ŞEFFAF 10000;ELDİVEN ŞEFFAF (100 ADET X 100 PAKET);HDPE;KOLİ;20%;
;*;ELD-PSZ.SM 2000;ELDİVEN PUDRASIZ SMALL (100 ADET X 20 PAKET);LATEKS;KOLİ;10%;
;*;ELD-PSZ.MD 2000;ELDİVEN PUDRASIZ MEDİUM (100 ADET X 20 PAKET);LATEKS;KOLİ;10%;
;*;ELD-PSZ.LR 2000;ELDİVEN PUDRASIZ LARGE (100 ADET X 20 PAKET);LATEKS;KOLİ;10%;
;*;ELD-PLI.SM 2000;ELDİVEN PUDRALI SMALL (100 ADET X 20 PAKET);LATEKS;KOLİ;10%;
;*;ELD-PLI.MD 2000;ELDİVEN PUDRALI MEDİUM (100 ADET X 20 PAKET);LATEKS;KOLİ;10%;
;*;ELD-PLI.LR 2000;ELDİVEN PUDRALI LARGE (100 ADET X 20 PAKET);LATEKS;KOLİ;10%;
;*;ELD-MVİ.SM 2000;ELDİVEN MAVİ SMALL (100 ADET X 20 PAKET);NİTRİL;KOLİ;10%;
;*;ELD-MVİ.MD 2000;ELDİVEN MAVİ MEDİUM (100 ADET X 20 PAKET);NİTRİL;KOLİ;10%;
;*;ELD-MVİ.LR 2000;ELDİVEN MAVİ LARGE (100 ADET X 20 PAKET);NİTRİL;KOLİ;10%;
;*;ELD-SYH.SM 2000;ELDİVEN SİYAH SMALL (100 ADET X 20 PAKET);NİTRİL;KOLİ;10%;
;*;ELD-SYH.MD 2000;ELDİVEN SİYAH MEDİUM (100 ADET X 20 PAKET);NİTRİL;KOLİ;10%;
;*;ELD-SYH.LR 2000;ELDİVEN SİYAH LARGE (100 ADET X 20 PAKET);NİTRİL;KOLİ;10%;
;;;;;;;
;*;HJY-BONE 2000;HJY BONE (100 ADET X 20 PAKET);BEYAZ;KOLİ;10%;
;**;HJY-KOLLUK 1000;HJY KOLLUK (100 ADET X 10 PAKET);BEYAZ;KOLİ;10%;
;**;HJY-GLŞSTD 7000;HJY GALOŞ STANDART (700 ADET X 10 PAKET);MAVİ;KOLİ;20%;
;**;HJY-GLŞEL 1000;HJY GALOŞ EL YAPIMI (1000 ADET);MAVİ;KOLİ;20%;
;*;HJY-SNG4E 160;HJY SÜNGER 4'LÜ ENDÜSTRİYEL (40 PAKET);SARI;KOLİ;20%;
;*;HJY-SNG50 180;HJY SÜNGER 5'Lİ OLUKLU (36 PAKET);SARI;KOLİ;20%;
;*;HJY-SNGSIVA 24;HJY SÜNGER SIVA (24 ADET);BEYAZ;KOLİ;20%;
;*;HJY-BEZMKRF 400;HJY BEZ MİKROFİBER 40 X 40 CM (20 ADET X 20 PAKET);RENKLİ;KOLİ;10%;
;*;HJY-TOPTEL 240;HJY TOPTEL 60 GR (20 ADET X 12 PAKET);60 GR;KOLİ;20%;
;*;HJY-MOPISLDAR 100;HJY MOP ISLAK DAR 350 GR (100 ADET);BEYAZ;KOLİ;10%;
;*;HJY-MOPNEM50 100;HJY MOP NEMLİ 50 CM (100 ADET);BEYAZ;KOLİ;10%;
;*;HJY-APRISLDAR 100;HJY APARAT ISLAK DAR (100 ADET);PLASTİK;KOLİ;20%;
;*;HJY-APRPLT50 25;HJY APARAT PALET 50 CM (25 ADET);PLASTİK;KOLİ;20%;
;*;HJY-ÇEKPAS55 50;HJY ÇEKPAS 55 CM (50 ADET);PLASTİK;KOLİ;20%;
;*;HJY-FIRÇA17 50;HJY OTO FIRÇA 17 CM (50 ADET);PLASTİK;KOLİ;20%;
;*;HJY-SAPMTL 25;HJY SAP METAL VİDALI (25 ADET);110 CM;KOLİ;20%;
;*;HJY-SAPGRG 50;HJY SAP GÜRGEN VİDALI (50 ADET);120 CM;KOLİ;20%;
;*;HJY-SPRSFH 12;HJY SÜPÜRGE SAPLI FARAŞLI HAZNELİ (12 ADET);PLASTİK;KOLİ;20%;
;*;HJY-ARBÇK 1;HJY ÇİFT KOVALI TEMİZLİK ARABASI (1 ADET);PLASTİK PRES;ADET;20%;
;*;HJY-ÇÖPKNT120 1;HJY ÇÖP KONTEYNER 120 LT (1 ADET);YEŞİL;ADET;20%;
;;;;;;;
;**;KMY.KLM-6.12 1000;KİMYASAL KOLONYALI MENDİL 6 X 12 CM (1000 ADET);KOKULU;KOLİ;20%;
;*;KMY.TEX-ISLMND 2400;KİMYASAL TEX ISLAK MENDİL (100 ADET X 24 PAKET);ÇİÇEK;KOLİ;20%;
;*;KMY.MRO-YTHK 400;KİMYASAL MR OXY KOVA HAVLU (400 ADET);ÇİÇEK;KOLİ;20%;
;*;KMY.MRO-YTHP 1200;KİMYASAL MR OXY YÜZEY TEMİZLİK HAVLUSU (100 ADET X 12 PAKET);SABUN & LAVANTA;KOLİ;20%;
;*;KMY.OXY-BMD 22;KİMYASAL OXY 22 KG BULAŞIK MAKİNE DETERJANI;18,8 LT;ADET;20%;
;*;KMY.OXY-BMP 20;KİMYASAL OXY 20 KG BULAŞIK MAKİNE PARLATICISI;20 LT;ADET;20%;
;*;KMY.OXY-EBD 20;KİMYASAL OXY 20 KG ELDE BULAŞIK DETERJANI;19,6 LT;ADET;20%;
;*;KMY.OXY-AKYS 20;KİMYASAL OXY 20 KG AĞIR KİR YAĞ SÖKÜCÜ;19 LT;ADET;20%;
;*;KMY.OXY-KPÇ 20;KİMYASAL OXY 20 KG KİREÇ PAS ÇÖZÜCÜ;17,6 LT;ADET;20%;
;*;KMY.OXY-KVMÇS 20;KİMYASAL OXY 20 KG KIVAMLI ÇAMAŞIR SUYU;19 LT;ADET;20%;
;*;KMY.OXY-ÇMŞSY 20;KİMYASAL OXY 20 KG ÇAMAŞIR SUYU;18,9 LT;ADET;20%;
;*;KMY.OXY-YZY.P 20;KİMYASAL OXY 20 KG YÜZEY TEMİZLEYİCİ PEMBE;20 LT;ADET;20%;
;*;KMY.OXY-CAM 20;KİMYASAL OXY 20 KG CAM TEMİZLEYİCİ;20 LT;ADET;20%;
;*;KMY.OXY-SVSBN.P 20;KİMYASAL OXY 20 KG SIVI SABUN PEMBE;19,6 LT;ADET;20%;
;*;KMY.ACT-MTKTD 9;KİMYASAL ACT 9 KG MATİK TOZ DETERJAN;BEYAZ & RENKLİ;ADET;20%;
;*;KMY.OXY-MİNKRM 7;KİMYASAL OXY 7 KG MİNERALLİ KREM (4 ADET);5 LT;KOLİ;20%;
;*;KMY.DRL-KLNY 5;KİMYASAL DR LORY 5 KG KOLONYA (4 ADET);5 LT;KOLİ;20%;
;*;KMY.OXY-BMKÇ 5;KİMYASAL OXY 5 KG BULAŞIK MAKİNE KİREÇ ÇÖZÜCÜ (4 ADET);4,5 LT;KOLİ;20%;
;*;KMY.OXY-EBD 5;KİMYASAL OXY 5 KG ELDE BULAŞIK DETERJANI (4 ADET);4,95 LT;KOLİ;20%;
;*;KMY.OXY-AKYS 5;KİMYASAL OXY 5 KG AĞIR KİR YAĞ SÖKÜCÜ (4 ADET);4,75 LT;KOLİ;20%;
;*;KMY.OXY-KPÇ 5;KİMYASAL OXY 5 KG KİREÇ PAS ÇÖZÜCÜ (4 ADET);4,4 LT;KOLİ;20%;
;*;KMY.OXY-KVMÇS 5;KİMYASAL OXY 5 KG KIVAMLI ÇAMAŞIR SUYU (4 ADET);4,75 LT;KOLİ;20%;
;*;KMY.OXY-ÇMŞSY 5;KİMYASAL OXY 5 KG ÇAMAŞIR SUYU (4 ADET);4,7 LT;KOLİ;20%;
;*;KMY.OXY-YZY.P 5;KİMYASAL OXY 5 KG YÜZEY TEMİZLEYİCİ PEMBE (4 ADET);5 LT;KOLİ;20%;
;*;KMY.OXY-CAM 5;KİMYASAL OXY 5 KG CAM TEMİZLEYİCİ (4 ADET);5 LT;KOLİ;20%;
;*;KMY.OXY-SVSBN.P 5;KİMYASAL OXY 5 KG SIVI SABUN PEMBE (4 ADET);4,9 LT;KOLİ;20%;
;*;KMY.OXY-KÖSBN 5;KİMYASAL OXY 5 KG KÖPÜK SABUN (4 ADET);5 LT;KOLİ;20%;
;*;KMY.OXY-ÇMŞYMŞ 5;KİMYASAL OXY 5 KG ÇAMAŞIR YUMUŞATICI (4 ADET);5 LT;KOLİ;20%;
;*;KMY.OXY-OÇP 4,9;KİMYASAL OXY 4,9 KG ODA ÇAMAŞIR PARFÜMÜ (4 ADET);5 LT;KOLİ;20%;
;*;KMY.OXY-WCT 1;KİMYASAL OXY 1 KG WC TEMİZLEYİCİ (12 ADET);0,97 LT;KOLİ;20%;
;*;KMY.MRO-CAM 0,75;KİMYASAL MR OXY 0,75 KG CAM TEMİZLEYİCİ (12 ADET);0,75 LT;KOLİ;20%;
;*;KMY.OXY-PÇYTP 0,5;KİMYASAL OXY 0,5 KG PASLANMAZ ÇELİK TEMİZLEYİCİ (12 ADET);0,5 LT;KOLİ;20%;
;*;KMY.OXY-OÇP 0,5;KİMYASAL OXY 0,5 KG ODA ÇAMAŞIR PARFÜMÜ (12 ADET);0,5 LT;KOLİ;20%;
;*;KMY.MRO-WCBLK 24;KİMYASAL MR OXY WC BLOK (2 ADET X 12 PAKET);KOKULU;KOLİ;20%;
